conference,paper_id,doi,first_page,track,papers_with_this_track,note
20,741,,,Supply Chain,7,
20,742,,,Safety,6,
20,743,,,Applications in Practice,22,
20,744,,,Learning,9,
20,745,,,Production Planning and Control,16,
20,746,,,Applications in Practice,22,
20,747,,,Supply Chain,7,
20,748,,,,0,
20,749,,,Cost Management,4,
20,750,,,Theory,10,
20,751,,,Applications in Practice,22,
20,752,,,Design Management,8,
20,753,,,"People, Culture, and Change",12,
20,754,,,Theory,10,
20,755,,,Applications in Practice,22,
20,756,,,Applications in Practice,22,
20,757,,,"Environment, Sustainability, and “Green”",7,
20,758,,,"Environment, Sustainability, and “Green”",7,
20,759,,,Past the Tipping Point?,7,
20,760,,,,0,
20,761,,,"Environment, Sustainability, and “Green”",7,
20,762,,,Applications in Practice,22,
20,763,,,"People, Culture, and Change",12,
20,764,,,Supply Chain,7,
20,765,,,Safety,6,
20,766,,,Supply Chain,7,
20,767,,,Theory,10,
20,768,,,Production Planning and Control,16,
20,769,,,Theory,10,
20,770,,,Theory,10,
20,771,,,Learning,9,
20,772,,,Supply Chain,7,
20,773,,,Learning,9,
20,774,,,Applications in Practice,22,
20,775,,,Production Planning and Control,16,
20,776,,,Design Management,8,
20,777,,,Production Planning and Control,16,
20,778,,,Past the Tipping Point?,7,
20,779,,,Design Management,8,
20,780,,,Production Planning and Control,16,
20,781,,,Systems Engineering,2,
20,782,,,Applications in Practice,22,
20,783,,,Learning,9,
20,784,,,Product Development,5,
20,785,,,Applications in Practice,22,
20,786,,,Production Planning and Control,16,
20,787,,,"People, Culture, and Change",12,
20,788,,,Production Planning and Control,16,
20,789,,,Applications in Practice,22,
20,790,,,Production Planning and Control,16,
20,791,,,Production Planning and Control,16,
20,792,,,Prefabrication,2,
20,793,,,Supply Chain,7,
20,794,,,Past the Tipping Point?,7,
20,795,,,Past the Tipping Point?,7,
20,796,,,Production Planning and Control,16,
20,797,,,Cost Management,4,
20,798,,,Prefabrication,2,
20,799,,,Safety,6,
20,800,,,Product Development,5,
20,801,,,Production Planning and Control,16,
20,802,,,Production Planning and Control,16,
20,803,,,Product Development,5,
20,804,,,Safety,6,
20,805,,,Applications in Practice,22,
20,806,,,Cost Management,4,
20,807,,,Production Planning and Control,16,
20,808,,,Safety,6,
20,809,,,Applications in Practice,22,
20,810,,,"People, Culture, and Change",12,
20,811,,,Past the Tipping Point?,7,
20,812,,,"People, Culture, and Change",12,
20,813,,,Production Planning and Control,16,
20,814,,,"People, Culture, and Change",12,
20,815,,,Safety,6,
20,816,,,"Environment, Sustainability, and “Green”",7,
20,817,,,Learning,9,
20,818,,,Design Management,8,
20,819,,,"Environment, Sustainability, and “Green”",7,
20,820,,,Theory,10,
20,821,,,"People, Culture, and Change",12,
20,822,,,"People, Culture, and Change",12,
20,823,,,Applications in Practice,22,
20,824,,,Applications in Practice,22,
20,825,,,Applications in Practice,22,
20,826,,,Systems Engineering,2,
20,827,,,Product Development,5,
20,828,,,Applications in Practice,22,
20,829,,,Theory,10,
20,830,,,"Environment, Sustainability, and “Green”",7,
20,831,,,Production Planning and Control,16,
20,832,,,Learning,9,
20,833,,,Theory,10,
20,834,,,Past the Tipping Point?,7,
20,835,,,Applications in Practice,22,
20,836,,,Information Technology,1,
20,837,,,Applications in Practice,22,
20,838,,,Past the Tipping Point?,7,
20,839,,,"People, Culture, and Change",12,
20,840,,,Theory,10,
20,841,,,Learning,9,
20,842,,,"Environment, Sustainability, and “Green”",7,
20,843,,,Applications in Practice,22,
20,844,,,Learning,9,
20,845,,,"People, Culture, and Change",12,
20,846,,,Supply Chain,7,
20,847,,,"People, Culture, and Change",12,
20,848,,,Product Development,5,
20,849,,,Design Management,8,
20,850,,,Design Management,8,
20,851,,,Learning,9,
20,852,,,Design Management,8,
20,853,,,Applications in Practice,22,
20,854,,,Design Management,8,
20,855,,,Applications in Practice,22,
20,856,,,"People, Culture, and Change",12,
20,857,,,Production Planning and Control,16,
20,858,,,Theory,10,
20,859,,,Applications in Practice,22,
20,860,,,Cost Management,4,
21,919,,3,Theory,13,
21,945,,13,Theory,13,
21,913,,23,Theory,13,
21,916,,33,Theory,13,
21,938,,43,Theory,13,
21,951,,53,Theory,13,
21,883,,63,Theory,13,
21,929,,73,Theory,13,
21,944,,83,Theory,13,
21,896,,93,Theory,13,
21,890,,103,Theory,13,
21,862,,115,Theory,13,
21,878,,125,Theory,13,
21,892,,135,Supply Chain Management,8,
21,948,,145,Supply Chain Management,8,
21,950,,155,Supply Chain Management,8,
21,880,,165,Supply Chain Management,8,
21,933,,175,Supply Chain Management,8,
21,963,,185,Supply Chain Management,8,
21,894,,195,Supply Chain Management,8,
21,870,,205,Supply Chain Management,8,
21,872,,217,Contract and Cost Management,6,
21,946,,227,Contract and Cost Management,6,
21,928,,237,Contract and Cost Management,6,
21,866,,247,Contract and Cost Management,6,
21,920,,257,Contract and Cost Management,6,
21,952,,267,Contract and Cost Management,6,
21,942,,279,Product Development and Design Management,18,
21,932,,289,Product Development and Design Management,18,
21,882,,299,Product Development and Design Management,18,
21,868,,309,Product Development and Design Management,18,
21,911,,319,Product Development and Design Management,18,
21,941,,329,Product Development and Design Management,18,
21,910,,339,Product Development and Design Management,18,
21,861,,349,Product Development and Design Management,18,
21,955,,359,Product Development and Design Management,18,
21,962,,369,Product Development and Design Management,18,
21,879,,379,Product Development and Design Management,18,
21,943,,389,Product Development and Design Management,18,
21,923,,399,Product Development and Design Management,18,
21,960,,409,Product Development and Design Management,18,
21,922,,419,Product Development and Design Management,18,
21,935,,429,Product Development and Design Management,18,
21,889,,439,Product Development and Design Management,18,
21,934,,449,Product Development and Design Management,18,
21,925,,461,Production System Design,5,
21,953,,471,Production System Design,5,
21,961,,481,Production System Design,5,
21,893,,491,Production System Design,5,
21,931,,503,Production System Design,5,
21,899,,515,Production Planning and Control,22,
21,902,,527,Production Planning and Control,22,
21,940,,537,Production Planning and Control,22,
21,959,,549,Production Planning and Control,22,
21,898,,559,Production Planning and Control,22,
21,947,,569,Production Planning and Control,22,
21,881,,579,Production Planning and Control,22,
21,964,,589,Production Planning and Control,22,
21,907,,599,Production Planning and Control,22,
21,924,,609,Production Planning and Control,22,
21,939,,619,Production Planning and Control,22,
21,965,,629,Production Planning and Control,22,
21,885,,639,Production Planning and Control,22,
21,927,,649,Production Planning and Control,22,
21,915,,659,Production Planning and Control,22,
21,954,,669,Production Planning and Control,22,
21,903,,679,Production Planning and Control,22,
21,897,,689,Production Planning and Control,22,
21,863,,699,Production Planning and Control,22,
21,884,,709,Production Planning and Control,22,
21,906,,719,Production Planning and Control,22,
21,930,,729,Production Planning and Control,22,
21,888,,741,Enabling Lean with IT,9,
21,886,,751,Enabling Lean with IT,9,
21,909,,761,Enabling Lean with IT,9,
21,914,,771,Enabling Lean with IT,9,
21,865,,781,Enabling Lean with IT,9,
21,918,,791,Enabling Lean with IT,9,
21,871,,801,Enabling Lean with IT,9,
21,908,,811,Enabling Lean with IT,9,
21,873,,821,Enabling Lean with IT,9,
21,867,,833,Safety and Quality,3,
21,869,,843,Safety and Quality,3,
21,895,,853,Safety and Quality,3,
21,937,,865,Sustainability and Lean,8,
21,876,,875,Sustainability and Lean,8,
21,905,,885,Sustainability and Lean,8,
21,921,,895,Sustainability and Lean,8,
21,912,,905,Sustainability and Lean,8,
21,875,,915,Sustainability and Lean,8,
21,958,,925,Sustainability and Lean,8,
21,901,,935,Sustainability and Lean,8,
21,864,,947,"People, Culture and Change",8,
21,917,,957,"People, Culture and Change",8,
21,877,,967,"People, Culture and Change",8,
21,956,,977,"People, Culture and Change",8,
21,949,,987,"People, Culture and Change",8,
21,926,,997,"People, Culture and Change",8,
21,936,,1007,"People, Culture and Change",8,
21,874,,1017,"People, Culture and Change",8,
21,957,,1029,Industry Papers,5,
21,900,,1039,Industry Papers,5,
21,887,,1049,Industry Papers,5,
21,904,,1057,Industry Papers,5,
21,891,,1067,Industry Papers,5,
22,1022,,3,Theory,9,
22,973,,15,Theory,9,
22,1018,,27,Theory,9,
22,978,,39,Theory,9,
22,1041,,51,Theory,9,
22,1039,,61,Theory,9,
22,1062,,73,Theory,9,
22,1038,,85,Theory,9,
22,1040,,97,Theory,9,
22,1015,,111,"Sustainability, Green and Lean",4,
22,983,,123,"Sustainability, Green and Lean",4,
22,966,,133,"Sustainability, Green and Lean",4,
22,1057,,145,"Sustainability, Green and Lean",4,
22,998,,159,Contract and Cost Management,7,
22,1065,,171,Contract and Cost Management,7,
22,1064,,183,Contract and Cost Management,7,
22,996,,195,Contract and Cost Management,7,
22,1014,,207,Contract and Cost Management,7,
22,1068,,221,Contract and Cost Management,7,
22,987,,233,Contract and Cost Management,7,
22,1055,,247,Integrated Project Delivery,7,
22,1045,,257,Integrated Project Delivery,7,
22,1013,,269,Integrated Project Delivery,7,
22,1059,,281,Integrated Project Delivery,7,
22,1019,,293,Integrated Project Delivery,7,
22,1081,,305,Integrated Project Delivery,7,
22,1001,,317,Integrated Project Delivery,7,
22,1087,,331,Value in Construction,5,
22,1006,,343,Value in Construction,5,
22,1028,,353,Value in Construction,5,
22,1088,,365,Value in Construction,5,
22,1031,,377,Value in Construction,5,
22,989,,391,Design Management,12,
22,992,,401,Design Management,12,
22,1011,,413,Design Management,12,
22,1053,,425,Design Management,12,
22,1030,,437,Design Management,12,
22,1077,,451,Design Management,12,
22,1049,,463,Design Management,12,
22,997,,475,Design Management,12,
22,1007,,487,Design Management,12,
22,1042,,497,Design Management,12,
22,1029,,509,Design Management,12,
22,1003,,519,Design Management,12,
22,1051,,535,Production Planning and Control,22,
22,1086,,547,Production Planning and Control,22,
22,988,,559,Production Planning and Control,22,
22,1063,,571,Production Planning and Control,22,
22,975,,581,Production Planning and Control,22,
22,1008,,593,Production Planning and Control,22,
22,1070,,605,Production Planning and Control,22,
22,982,,617,Production Planning and Control,22,
22,990,,627,Production Planning and Control,22,
22,1034,,639,Production Planning and Control,22,
22,1082,,651,Production Planning and Control,22,
22,1002,,663,Production Planning and Control,22,
22,1048,,677,Production Planning and Control,22,
22,1089,,689,Production Planning and Control,22,
22,1047,,703,Production Planning and Control,22,
22,968,,715,Production Planning and Control,22,
22,967,,727,Production Planning and Control,22,
22,1090,,739,Production Planning and Control,22,
22,1044,,751,Production Planning and Control,22,
22,1016,,763,Production Planning and Control,22,
22,1074,,775,Production Planning and Control,22,
22,1023,,787,Production Planning and Control,22,
22,999,,801,Waste in Construction,11,
22,1076,,811,Waste in Construction,11,
22,995,,823,Waste in Construction,11,
22,1078,,835,Waste in Construction,11,
22,1036,,847,Waste in Construction,11,
22,1010,,859,Waste in Construction,11,
22,993,,871,Waste in Construction,11,
22,969,,883,Waste in Construction,11,
22,1032,,895,Waste in Construction,11,
22,1071,,907,Waste in Construction,11,
22,1056,,919,Waste in Construction,11,
22,1004,,933,Building Information Modeling (BIM) and Lean,4,
22,1067,,938,"Industrialisation, prefabrication, assembly and open building",5,
22,1052,,945,Building Information Modeling (BIM) and Lean,4,
22,1069,,957,Building Information Modeling (BIM) and Lean,4,
22,1085,,969,Building Information Modeling (BIM) and Lean,4,
22,972,,995,"Industrialisation, prefabrication, assembly and open building",5,
22,1073,,1007,"Industrialisation, prefabrication, assembly and open building",5,
22,976,,1019,"Industrialisation, prefabrication, assembly and open building",5,
22,1072,,1031,"Industrialisation, prefabrication, assembly and open building",5,
22,1083,,1045,Supply Chain Management,5,
22,1009,,1057,Supply Chain Management,5,
22,1005,,1069,Supply Chain Management,5,
22,979,,1083,Supply Chain Management,5,
22,1037,,1095,Supply Chain Management,5,
22,1025,,1109,"People, Culture and Change",8,
22,986,,1121,"People, Culture and Change",8,
22,1061,,1133,"People, Culture and Change",8,
22,1080,,1145,"People, Culture and Change",8,
22,981,,1157,"People, Culture and Change",8,
22,1079,,1169,"People, Culture and Change",8,
22,1021,,1181,"People, Culture and Change",8,
22,984,,1191,"People, Culture and Change",8,
22,1020,,1205,Safety and Lean,1,
22,1060,,1221,Teaching Lean Construction,5,
22,1017,,1233,Teaching Lean Construction,5,
22,1066,,1245,Teaching Lean Construction,5,
22,991,,1257,Teaching Lean Construction,5,
22,1000,,1269,Teaching Lean Construction,5,
22,970,,1283,Industry Papers,20,
22,974,,1295,Industry Papers,20,
22,1046,,1307,Industry Papers,20,
22,971,,1319,Industry Papers,20,
22,1084,,1331,Industry Papers,20,
22,1054,,1343,Industry Papers,20,
22,980,,1357,Industry Papers,20,
22,1075,,1369,Industry Papers,20,
22,1024,,1379,Industry Papers,20,
22,1033,,1391,Industry Papers,20,
22,1027,,1401,Industry Papers,20,
22,1012,,1413,Industry Papers,20,
22,1043,,1425,Industry Papers,20,
22,1026,,1435,Industry Papers,20,
22,1035,,1447,Industry Papers,20,
22,1058,,1461,Industry Papers,20,
22,985,,1473,Industry Papers,20,
22,977,,1483,Industry Papers,20,
22,1050,,1495,Industry Papers,20,
22,994,,1507,Industry Papers,20,
27,1626,10.24928/2019/0164,1,Plenary Papers,15,
27,1637,10.24928/2019/0216.,13,Plenary Papers,15,
27,1648,10.24928/2019/0143,25,Plenary Papers,15,
27,1659,10.24928/2019/0251,37,Value in Design,5,
27,1670,10.24928/2019/0196.,49,Value in Design,5,
27,1681,10.24928/2019/0199,63,Value in Design,5,
27,1687,10.24928/2019/0238,73,Value in Design,5,
27,1688,10.24928/2019/0173,83,Value in Design,5,
27,1689,10.24928/2019/0263,97,Value in Procurement,5,
27,1627,10.24928/2019/0170,109,Value in Procurement,5,
27,1628,10.24928/2019/0190,121,Value in Procurement,5,
27,1629,10.24928/2019/0270,133,Value in Procurement,5,
27,1630,10.24928/2019/0147,145,Value in Procurement,5,
27,1631,10.24928/2019/0151,157,"People, Culture and Change",5,
27,1632,10.24928/2019/0169,169,"People, Culture and Change",5,
27,1633,10.24928/2019/0241,179,"People, Culture and Change",5,
27,1634,10.24928/2019/0245,191,"People, Culture and Change",5,
27,1635,10.24928/2019/0174.,203,"People, Culture and Change",5,
27,1636,10.24928/2019/0223,215,Lean Construction Case Studies,5,
27,1638,10.24928/2019/0252,228,Lean Construction Case Studies,5,
27,1639,10.24928/2019/0217,239,Lean Construction Case Studies,5,
27,1647,10.24928/2019/0200,246,Planning and workflow,8,
27,1640,10.24928/2019/0157,251,Lean Construction Case Studies,5,
27,1641,10.24928/2019/0219,265,Lean Construction Case Studies,5,
27,1642,10.24928/2019/0146,275,Plenary Papers,15,
27,1643,10.24928/2019/0134,287,Plenary Papers,15,
27,1644,10.24928/2019/0156,299,Plenary Papers,15,
27,1645,10.24928/2019/0140,311,Planning and workflow,8,
27,1646,10.24928/2019/0189,323,Planning and workflow,8,
27,1649,10.24928/2019/0155,347,Planning and workflow,8,
27,1650,10.24928/2019/0160,359,Motivation and Learning,5,
27,1651,10.24928/2019/0172,369,Motivation and Learning,5,between two papers of this track
27,1652,10.24928/2019/0257,383,Motivation and Learning,5,
27,1653,10.24928/2019/0201,393,Motivation and Learning,5,
27,1654,10.24928/2019/0249,405,Motivation and Learning,5,
27,1655,10.24928/2019/0118,417,About Takt Time Planning,5,
27,1656,10.24928/2019/0226,429,About Takt Time Planning,5,
27,1657,10.24928/2019/0247,441,About Takt Time Planning,5,between two papers of this track
27,1658,10.24928/2019/0261,453,About Takt Time Planning,5,
27,1660,10.24928/2019/0271,467,About Takt Time Planning,5,
27,1661,10.24928/2019/0244,479,About Target Value Delivery,4,
27,1662,10.24928/2019/0230,491,About Target Value Delivery,4,
27,1663,10.24928/2019/0268,503,About Target Value Delivery,4,
27,1664,10.24928/2019/0221,515,About Target Value Delivery,4,
27,1665,10.24928/2019/0208,527,Planning and workflow,8,
27,1666,10.24928/2019/0227,539,Planning and workflow,8,
27,1667,10.24928/2019/0232,551,Planning and workflow,8,
27,1668,10.24928/2019/0197,563,Planning and workflow,8,
27,1669,10.24928/2019/0229,573,Novel Design Considerations,4,
27,1671,10.24928/2019/0211,583,Novel Design Considerations,4,
27,1672,10.24928/2019/0239,595,Novel Design Considerations,4,
27,1673,10.24928/2019/0138,607,Novel Design Considerations,4,
27,1674,10.24928/2019/0254,617,Plenary Papers,15,
27,1675,10.24928/2019/0266,629,Plenary Papers,15,
27,1676,10.24928/2019/0212,641,Plenary Papers,15,
27,1677,10.24928/2019/0101,651,Project Performance,4,
27,1678,10.24928/2019/0183,663,Project Performance,4,
27,1679,10.24928/2019/0184,675,Project Performance,4,
27,1680,10.24928/2019/0243,687,Project Performance,4,
27,1682,10.24928/2019/0135,699,Lean Supply Chains and Modular Construction,5,
27,1683,10.24928/2019/0177,711,Lean Supply Chains and Modular Construction,5,
27,1684,10.24928/2019/0204,725,Lean Supply Chains and Modular Construction,5,
27,1685,10.24928/2019/0178,737,Lean Supply Chains and Modular Construction,5,
27,1686,10.24928/2019/0158,749,Lean Supply Chains and Modular Construction,5,
27,1718,10.24928/2019/0149,761,Collaboration and Human Factors,5,
27,1719,10.24928/2019/0192,773,Collaboration and Human Factors,5,
27,1720,10.24928/2019/0159,785,Collaboration and Human Factors,5,
27,1721,10.24928/2019/0209,797,Collaboration and Human Factors,5,
27,1722,10.24928/2019/0222,809,Collaboration and Human Factors,5,
27,1723,10.24928/2019/0152,819,Information Technology in Construction,10,
27,1724,10.24928/2019/0154,831,Information Technology in Construction,10,
27,1725,10.24928/2019/0122,843,Information Technology in Construction,10,
27,1726,10.24928/2019/0250,853,Information Technology in Construction,10,
27,1727,10.24928/2019/0203,865,Information Technology in Construction,10,
27,1728,10.24928/2019/0106,877,Plenary Papers,15,
27,1729,10.24928/2019/0125,889,Plenary Papers,15,
27,1730,10.24928/2019/0191,903,Plenary Papers,15,
27,1731,10.24928/2019/0242,917,Lean Project Delivery,5,
27,1732,10.24928/2019/0176,927,Lean Project Delivery,5,
27,1733,10.24928/2019/0168,937,Lean Project Delivery,5,
27,1734,10.24928/2019/0274,949,Lean Project Delivery,5,
27,1735,10.24928/2019/0124,963,Lean Project Delivery,5,
27,1736,10.24928/2019/0145,975,Lean Implementation,5,
27,1737,10.24928/2019/0205,987,Lean Implementation,5,
27,1738,10.24928/2019/0202,999,Lean Implementation,5,
27,1739,10.24928/2019/0139,1011,Lean Implementation,5,
27,1740,10.24928/2019/0185,1023,Lean Implementation,5,
27,1741,10.24928/2019/0207,1037,Safety Management and Maturity,5,
27,1742,10.24928/2019/0141,1049,Safety Management and Maturity,5,
27,1743,10.24928/2019/0117,1059,Safety Management and Maturity,5,
27,1744,10.24928/2019/0175,1069,Safety Management and Maturity,5,
27,1745,10.24928/2019/0195,1081,Safety Management and Maturity,5,
27,1746,10.24928/2019/0142,1093,Information Technology in Construction,10,
27,1747,10.24928/2019/0220,1105,Information Technology in Construction,10,
27,1748,10.24928/2019/0150,1117,Information Technology in Construction,10,
27,1749,10.24928/2019/0167,1129,Information Technology in Construction,10,between two papers of this track
27,1750,10.24928/2019/0153,1141,Information Technology in Construction,10,
27,1751,10.24928/2019/0214,1151,Challenging the Prevailing System,5,
27,1752,10.24928/2019/0265,1163,Challenging the Prevailing System,5,between two papers of this track
27,1690,10.24928/2019/0255,1175,Challenging the Prevailing System,5,
27,1691,10.24928/2019/0187,1187,Challenging the Prevailing System,5,
27,1692,10.24928/2019/0126,1197,Challenging the Prevailing System,5,
27,1693,10.24928/2019/0231,1209,Skills and Communication,5,
27,1694,10.24928/2019/0166,1219,Skills and Communication,5,
27,1695,10.24928/2019/0182,1229,Skills and Communication,5,
27,1696,10.24928/2019/0148,1241,Skills and Communication,5,
27,1697,10.24928/2019/0206,1251,Skills and Communication,5,
27,1698,10.24928/2019/0272,1261,Thinking about Batches and Flow,5,
27,1699,10.24928/2019/0228,1271,Thinking about Batches and Flow,5,
27,1700,10.24928/2019/0121,1283,Thinking about Batches and Flow,5,
27,1701,10.24928/2019/0120,1295,Thinking about Batches and Flow,5,
27,1702,10.24928/2019/0236,1309,Thinking about Batches and Flow,5,
27,1703,10.24928/2019/0161,1321,Proposing New Approaches,5,
27,1704,10.24928/2019/0256,1333,Proposing New Approaches,5,
27,1705,10.24928/2019/0194,1345,Proposing New Approaches,5,
27,1706,10.24928/2019/0235,1357,Proposing New Approaches,5,
27,1707,10.24928/2019/0267,1369,Proposing New Approaches,5,
27,1708,10.24928/2019/0259,1381,Plenary Papers,15,
27,1709,10.24928/2019/0262,1391,Plenary Papers,15,
27,1710,10.24928/2019/0129,1401,Plenary Papers,15,
27,1711,10.24928/2019/0248,1413,Paper not Presented,7,
27,1712,10.24928/2019/0193,1425,Paper not Presented,7,
27,1713,10.24928/2019/0253,1433,Paper not Presented,7,
27,1714,10.24928/2019/0165,1445,Paper not Presented,7,
27,1715,10.24928/2019/0224,1457,Paper not Presented,7,
27,1716,10.24928/2019/0136,1469,Paper not Presented,7,
27,1717,10.24928/2019/0273,1479,Paper not Presented,7,
28,1797,10.24928/2020/0065,1,Theory,10,
28,1838,10.24928/2020/0136,13,Theory,10,
28,1839,10.24928/2020/0137,25,Theory,10,
28,1783,10.24928/2020/0044,37,Theory,10,
28,1817,10.24928/2020/0093,49,Theory,10,
28,1776,10.24928/2020/0032,61,Theory,10,
28,1799,10.24928/2020/0068,73,Theory,10,
28,1803,10.24928/2020/0072,85,Theory,10,
28,1789,10.24928/2020/0056,97,"People, Culture, and Change",24,
28,1775,10.24928/2020/0031,109,"People, Culture, and Change",24,
28,1828,10.24928/2020/0116,121,"People, Culture, and Change",24,
28,1823,10.24928/2020/0107,133,"People, Culture, and Change",24,
28,1805,10.24928/2020/0074,145,"People, Culture, and Change",24,
28,1810,10.24928/2020/0083,157,"People, Culture, and Change",24,
28,1822,10.24928/2020/0106,169,"People, Culture, and Change",24,
28,1840,10.24928/2020/0138,181,"People, Culture, and Change",24,
28,1777,10.24928/2020/0034,193,"People, Culture, and Change",24,
28,1772,10.24928/2020/0028,205,"People, Culture, and Change",24,
28,1790,10.24928/2020/0057,217,"People, Culture, and Change",24,
28,1795,10.24928/2020/0063,229,"People, Culture, and Change",24,
28,1815,10.24928/2020/0090,241,Production System Design,2,
28,1808,10.24928/2020/0080,253,Production System Design,2,
28,1779,10.24928/2020/0036,265,"People, Culture, and Change",24,
28,1829,10.24928/2020/0119,277,"People, Culture, and Change",24,
28,1753,10.24928/2020/0002,289,"People, Culture, and Change",24,
28,1755,10.24928/2020/0006,301,"People, Culture, and Change",24,
28,1818,10.24928/2020/0094,313,"People, Culture, and Change",24,
28,1804,10.24928/2020/0073,323,"People, Culture, and Change",24,
28,1763,10.24928/2020/0018,337,"People, Culture, and Change",24,
28,1773,10.24928/2020/0029,349,"People, Culture, and Change",24,
28,1778,10.24928/2020/0035,361,"People, Culture, and Change",24,
28,1780,10.24928/2020/0038,373,"People, Culture, and Change",24,
28,1813,10.24928/2020/0087,385,"People, Culture, and Change",24,
28,1832,10.24928/2020/0124,397,"People, Culture, and Change",24,
28,1811,10.24928/2020/0084,409,Theory,10,
28,1806,10.24928/2020/0076,421,Theory,10,
28,1762,10.24928/2020/0017,433,Production System Design with Takt,3,
28,1800,10.24928/2020/0069,445,Production System Design with Takt,3,
28,1837,10.24928/2020/0135,457,Production System Design with Takt,3,
28,1788,10.24928/2020/0052,469,Production Planning and Control,12,
28,1791,10.24928/2020/0058,481,Production Planning and Control,12,
28,1793,10.24928/2020/0060,493,Production Planning and Control,12,
28,1761,10.24928/2020/0016,505,Production Planning and Control,12,
28,1814,10.24928/2020/0089,517,Production Planning and Control,12,
28,1816,10.24928/2020/0091,529,Production Planning and Control,12,
28,1830,10.24928/2020/0121,541,Production Planning and Control,12,
28,1812,10.24928/2020/0086,553,Production Planning and Control,12,
28,1758,10.24928/2020/0013,565,Production Planning and Control,12,
28,1769,10.24928/2020/0025,577,Production Planning and Control,12,
28,1756,10.24928/2020/0010,589,Production Planning and Control,12,
28,1765,10.24928/2020/0020,601,Production Planning and Control,12,
28,1831,10.24928/2020/0123,613,Supply Chain Management and Off-site,6,
28,1771,10.24928/2020/0027,625,Supply Chain Management and Off-site,6,
28,1819,10.24928/2020/0097,637,Supply Chain Management and Off-site,6,
28,1827,10.24928/2020/0115,649,Supply Chain Management and Off-site,6,
28,1774,10.24928/2020/0030,661,Supply Chain Management and Off-site,6,
28,1764,10.24928/2020/0019,673,Supply Chain Management and Off-site,6,
28,1796,10.24928/2020/0064,685,New Product Development,2,
28,1787,10.24928/2020/0050,697,New Product Development,2,
28,1770,10.24928/2020/0026,709,Contract and Cost Management,7,
28,1825,10.24928/2020/0109,733,Contract and Cost Management,7,
28,1841,10.24928/2020/0141,733,Contract and Cost Management,7,
28,1801,10.24928/2020/0070,745,Contract and Cost Management,7,
28,1834,10.24928/2020/0127,757,Contract and Cost Management,7,
28,1833,10.24928/2020/0125,769,Contract and Cost Management,7,
28,1786,10.24928/2020/0049,781,Contract and Cost Management,7,
28,1781,10.24928/2020/0039,793,Lean Sustainability,6,
28,1836,10.24928/2020/0132,805,Lean Sustainability,6,
28,1754,10.24928/2020/0005,817,Lean Sustainability,6,
28,1792,10.24928/2020/0059,829,Lean Sustainability,6,
28,1807,10.24928/2020/0077,841,Lean Sustainability,6,
28,1759,10.24928/2020/0014,853,Digital Visual Management,7,
28,1809,10.24928/2020/0082,853,Lean Sustainability,6,
28,1794,10.24928/2020/0061,865,Digital Visual Management,7,
28,1821,10.24928/2020/0103,889,Digital Visual Management,7,
28,1802,10.24928/2020/0071,901,Digital Visual Management,7,
28,1835,10.24928/2020/0131,913,Digital Visual Management,7,
28,1766,10.24928/2020/0021,925,Digital Visual Management,7,
28,1767,10.24928/2020/0022,937,Digital Visual Management,7,
28,1760,10.24928/2020/0015,949,Lean and BIM,4,
28,1785,10.24928/2020/0048,961,Lean and BIM,4,
28,1824,10.24928/2020/0108,973,Lean and BIM,4,
28,1782,10.24928/2020/0040,985,Lean and BIM,4,
28,1798,10.24928/2020/0067,997,Learning,2,
28,1820,10.24928/2020/0099,1009,Learning,2,
28,1757,10.24928/2020/0012,1021,Simulation,4,
28,1768,10.24928/2020/0023,1033,Simulation,4,
28,1826,10.24928/2020/0110,1045,Simulation,4,
28,1784,10.24928/2020/0047,1057,Simulation,4,
33,2324,10.24928/2025/0128,1,Lean Theory,7,
33,2343,10.24928/2025/0152,13,Lean Theory,7,
33,2363,10.24928/2025/0188,25,Lean Theory,7,
33,2439,10.24928/2025/0299,37,Lean Theory,7,
33,2377,10.24928/2025/0206,48,Lean Theory,7,
33,2400,10.24928/2025/0243,59,Lean Theory,7,
33,2339,10.24928/2025/0145,70,Lean Theory,7,
33,2384,10.24928/2025/0218,82,Contract and Cost Management,6,
33,2312,10.24928/2025/0112,93,Contract and Cost Management,6,
33,2399,10.24928/2025/0240,105,Contract and Cost Management,6,
33,2337,10.24928/2025/0143,117,Contract and Cost Management,6,
33,2341,10.24928/2025/0150,129,Contract and Cost Management,6,
33,2311,10.24928/2025/0111,141,Contract and Cost Management,6,
33,2336,10.24928/2025/0142,153,"Product Development, Value and Design Management",13,
33,2338,10.24928/2025/0144,164,"Product Development, Value and Design Management",13,
33,2420,10.24928/2025/0275,176,"Product Development, Value and Design Management",13,
33,2431,10.24928/2025/0290,187,"Product Development, Value and Design Management",13,
33,2423,10.24928/2025/0278,199,"Product Development, Value and Design Management",13,
33,2434,10.24928/2025/0293,211,"Product Development, Value and Design Management",13,
33,2414,10.24928/2025/0268,221,"Product Development, Value and Design Management",13,
33,2426,10.24928/2025/0283,234,"Product Development, Value and Design Management",13,
33,2421,10.24928/2025/0276,246,"Product Development, Value and Design Management",13,
33,2430,10.24928/2025/0289,258,"Product Development, Value and Design Management",13,
33,2404,10.24928/2025/0250,270,"Product Development, Value and Design Management",13,
33,2417,10.24928/2025/0272,282,"Product Development, Value and Design Management",13,
33,2418,10.24928/2025/0273,294,"Product Development, Value and Design Management",13,
33,2315,10.24928/2025/0116,306,Production System Design,8,
33,2333,10.24928/2025/0138,318,Production System Design,8,
33,2395,10.24928/2025/0234,330,Production System Design,8,
33,2397,10.24928/2025/0237,341,Production System Design,8,
33,2340,10.24928/2025/0148,353,Production System Design,8,
33,2320,10.24928/2025/0123,364,Production System Design,8,
33,2325,10.24928/2025/0129,376,Production System Design,8,
33,2349,10.24928/2025/0165,388,Production System Design,8,
33,2309,10.24928/2025/0107,400,Production Planning and Control,21,
33,2396,10.24928/2025/0235,412,Production Planning and Control,21,
33,2310,10.24928/2025/0110,424,Production Planning and Control,21,
33,2328,10.24928/2025/0133,436,Production Planning and Control,21,
33,2383,10.24928/2025/0217,448,Production Planning and Control,21,
33,2433,10.24928/2025/0292,459,Production Planning and Control,21,
33,2391,10.24928/2025/0229,471,Production Planning and Control,21,
33,2380,10.24928/2025/0211,483,Production Planning and Control,21,
33,2437,10.24928/2025/0296,494,Production Planning and Control,21,
33,2412,10.24928/2025/0265,505,Production Planning and Control,21,
33,2410,10.24928/2025/0259,517,Production Planning and Control,21,
33,2401,10.24928/2025/0246,529,Production Planning and Control,21,
33,2305,10.24928/2025/0101,540,Production Planning and Control,21,
33,2408,10.24928/2025/0254,551,Production Planning and Control,21,
33,2347,10.24928/2025/0159,563,Production Planning and Control,21,
33,2422,10.24928/2025/0277,575,Production Planning and Control,21,
33,2322,10.24928/2025/0126,587,Production Planning and Control,21,
33,2398,10.24928/2025/0238,598,Production Planning and Control,21,between two papers of this track
33,2362,10.24928/2025/0187,610,Production Planning and Control,21,
33,2428,10.24928/2025/0287,622,Production Planning and Control,21,
33,2432,10.24928/2025/0291,634,Production Planning and Control,21,
33,2381,10.24928/2025/0214,645,Supply Chain Management,6,
33,2346,10.24928/2025/0158,657,Supply Chain Management,6,
33,2326,10.24928/2025/0130,669,Supply Chain Management,6,
33,2306,10.24928/2025/0102,681,Supply Chain Management,6,
33,2371,10.24928/2025/0198,693,Supply Chain Management,6,
33,2375,10.24928/2025/0204,705,Supply Chain Management,6,
33,2314,10.24928/2025/0115,717,Modular and Off-Site Construction,8,
33,2304,10.24928/2025/0100,729,Modular and Off-Site Construction,8,
33,2402,10.24928/2025/0248,739,Modular and Off-Site Construction,8,
33,2372,10.24928/2025/0199,751,Modular and Off-Site Construction,8,
33,2365,10.24928/2025/0191,763,Modular and Off-Site Construction,8,
33,2387,10.24928/2025/0225,775,Modular and Off-Site Construction,8,
33,2364,10.24928/2025/0189,787,Modular and Off-Site Construction,8,
33,2348,10.24928/2025/0163,799,Modular and Off-Site Construction,8,
33,2360,10.24928/2025/0184,810,Digital Support for Lean Construction,20,
33,2419,10.24928/2025/0274,822,Digital Support for Lean Construction,20,
33,2438,10.24928/2025/0297,834,Digital Support for Lean Construction,20,
33,2379,10.24928/2025/0209,846,Digital Support for Lean Construction,20,
33,2388,10.24928/2025/0226,856,Digital Support for Lean Construction,20,
33,2415,10.24928/2025/0270,869,Digital Support for Lean Construction,20,
33,2403,10.24928/2025/0249,881,Digital Support for Lean Construction,20,
33,2335,10.24928/2025/0141,892,Digital Support for Lean Construction,20,
33,2357,10.24928/2025/0177,905,Digital Support for Lean Construction,20,
33,2386,10.24928/2025/0222,917,Digital Support for Lean Construction,20,
33,2407,10.24928/2025/0253,929,Digital Support for Lean Construction,20,
33,2429,10.24928/2025/0288,941,Digital Support for Lean Construction,20,
33,2368,10.24928/2025/0195,953,Digital Support for Lean Construction,20,
33,2393,10.24928/2025/0231,965,Digital Support for Lean Construction,20,
33,2413,10.24928/2025/0266,976,Digital Support for Lean Construction,20,
33,2332,10.24928/2025/0137,987,Digital Support for Lean Construction,20,
33,2378,10.24928/2025/0207,999,Digital Support for Lean Construction,20,
33,2313,10.24928/2025/0113,1011,Digital Support for Lean Construction,20,
33,2366,10.24928/2025/0192,1023,Digital Support for Lean Construction,20,
33,2369,10.24928/2025/0196,1035,Digital Support for Lean Construction,20,
33,2321,10.24928/2025/0125,1046,"Health, Safety and Quality",7,
33,2373,10.24928/2025/0200,1058,"Health, Safety and Quality",7,
33,2390,10.24928/2025/0228,1070,"Health, Safety and Quality",7,
33,2406,10.24928/2025/0252,1081,"Health, Safety and Quality",7,
33,2370,10.24928/2025/0197,1093,"Health, Safety and Quality",7,
33,2351,10.24928/2025/0168,1102,"Health, Safety and Quality",7,
33,2352,10.24928/2025/0169,1114,"Health, Safety and Quality",7,
33,2356,10.24928/2025/0174,1126,Lean and Green,8,
33,2355,10.24928/2025/0173,1137,Lean and Green,8,
33,2330,10.24928/2025/0135,1149,Lean and Green,8,
33,2342,10.24928/2025/0151,1161,Lean and Green,8,
33,2436,10.24928/2025/0295,1173,Lean and Green,8,
33,2308,10.24928/2025/0106,1185,Lean and Green,8,
33,2416,10.24928/2025/0271,1197,Lean and Green,8,
33,2323,10.24928/2025/0127,1208,Lean and Green,8,
33,2317,10.24928/2025/0119,1219,"People, Culture, and Change",19,
33,2329,10.24928/2025/0134,1231,"People, Culture, and Change",19,
33,2344,10.24928/2025/0154,1243,"People, Culture, and Change",19,
33,2389,10.24928/2025/0227,1255,"People, Culture, and Change",19,
33,2359,10.24928/2025/0180,1266,"People, Culture, and Change",19,
33,2424,10.24928/2025/0279,1274,"People, Culture, and Change",19,
33,2376,10.24928/2025/0205,1286,"People, Culture, and Change",19,
33,2307,10.24928/2025/0105,1298,"People, Culture, and Change",19,
33,2405,10.24928/2025/0251,1309,"People, Culture, and Change",19,
33,2427,10.24928/2025/0284,1321,"People, Culture, and Change",19,
33,2435,10.24928/2025/0294,1333,"People, Culture, and Change",19,
33,2334,10.24928/2025/0140,1345,"People, Culture, and Change",19,
33,2316,10.24928/2025/0118,1357,"People, Culture, and Change",19,
33,2350,10.24928/2025/0167,1368,"People, Culture, and Change",19,
33,2358,10.24928/2025/0179,1380,"People, Culture, and Change",19,
33,2382,10.24928/2025/0215,1392,"People, Culture, and Change",19,
33,2331,10.24928/2025/0136,1404,"People, Culture, and Change",19,
33,2394,10.24928/2025/0232,1416,"People, Culture, and Change",19,
33,2354,10.24928/2025/0171,1428,"People, Culture, and Change",19,
33,2409,10.24928/2025/0255,1440,Learning and Teaching Lean,13,
33,2345,10.24928/2025/0156,1451,Learning and Teaching Lean,13,
33,2353,10.24928/2025/0170,1463,Learning and Teaching Lean,13,
33,2319,10.24928/2025/0121,1474,Learning and Teaching Lean,13,
33,2318,10.24928/2025/0120,1485,Learning and Teaching Lean,13,
33,2374,10.24928/2025/0201,1494,Learning and Teaching Lean,13,
33,2367,10.24928/2025/0194,1506,Learning and Teaching Lean,13,
33,2361,10.24928/2025/0186,1516,Learning and Teaching Lean,13,
33,2425,10.24928/2025/0281,1528,Learning and Teaching Lean,13,
33,2327,10.24928/2025/0131,1540,Learning and Teaching Lean,13,
33,2411,10.24928/2025/0261,1551,Learning and Teaching Lean,13,
33,2392,10.24928/2025/0230,1562,Learning and Teaching Lean,13,
33,2385,10.24928/2025/0219,1573,Learning and Teaching Lean,13,
